#,Bit Range,Private Key Range,Private Key (HEX),Bitcoin Address,% of the Range,Solved,Solver
1,20...21-1,1...1,,1BgGZ9tcN4rm9KBzDn7KprQz87SZ26SAMH,,,
1,20...21-1,1...1,,1BgGZ9tcN4rm9KBzDn7KprQz87SZ26SAMH,,,
1,20...21-1,1...1,,1BgGZ9tcN4rm9KBzDn7KprQz87SZ26SAMH,,,
1,20...21-1,1...1,,1BgGZ9tcN4rm9KBzDn7KprQz87SZ26SAMH,,,
10,29...210-1,200...3ff,,1LeBZP5QCwwgXRtmVUvTVrraqPUokyLHqe,,,
10,29...210-1,200...3ff,,1LeBZP5QCwwgXRtmVUvTVrraqPUokyLHqe,,,
10,29...210-1,200...3ff,,1LeBZP5QCwwgXRtmVUvTVrraqPUokyLHqe,,,
10,29...210-1,200...3ff,,1LeBZP5QCwwgXRtmVUvTVrraqPUokyLHqe,,,
11,210...211-1,400...7ff,,1PgQVLmst3Z314JrQn5TNiys8Hc38TcXJu,,,
11,210...211-1,400...7ff,,1PgQVLmst3Z314JrQn5TNiys8Hc38TcXJu,,,
11,210...211-1,400...7ff,,1PgQVLmst3Z314JrQn5TNiys8Hc38TcXJu,,,
11,210...211-1,400...7ff,,1PgQVLmst3Z314JrQn5TNiys8Hc38TcXJu,,,
12,211...212-1,800...fff,,1DBaumZxUkM4qMQRt2LVWyFJq5kDtSZQot,,,
12,211...212-1,800...fff,,1DBaumZxUkM4qMQRt2LVWyFJq5kDtSZQot,,,
12,211...212-1,800...fff,,1DBaumZxUkM4qMQRt2LVWyFJq5kDtSZQot,,,
12,211...212-1,800...fff,,1DBaumZxUkM4qMQRt2LVWyFJq5kDtSZQot,,,
13,212...213-1,1000...1fff,,1Pie8JkxBT6MGPz9Nvi3fsPkr2D8q3GBc1,,,
13,212...213-1,1000...1fff,,1Pie8JkxBT6MGPz9Nvi3fsPkr2D8q3GBc1,,,
13,212...213-1,1000...1fff,,1Pie8JkxBT6MGPz9Nvi3fsPkr2D8q3GBc1,,,
13,212...213-1,1000...1fff,,1Pie8JkxBT6MGPz9Nvi3fsPkr2D8q3GBc1,,,
14,213...214-1,2000...3fff,,1ErZWg5cFCe4Vw5BzgfzB74VNLaXEiEkhk,,,
14,213...214-1,2000...3fff,,1ErZWg5cFCe4Vw5BzgfzB74VNLaXEiEkhk,,,
14,213...214-1,2000...3fff,,1ErZWg5cFCe4Vw5BzgfzB74VNLaXEiEkhk,,,
14,213...214-1,2000...3fff,,1ErZWg5cFCe4Vw5BzgfzB74VNLaXEiEkhk,,,
15,214...215-1,4000...7fff,,1QCbW9HWnwQWiQqVo5exhAnmfqKRrCRsvW,,,
15,214...215-1,4000...7fff,,1QCbW9HWnwQWiQqVo5exhAnmfqKRrCRsvW,,,
15,214...215-1,4000...7fff,,1QCbW9HWnwQWiQqVo5exhAnmfqKRrCRsvW,,,
15,214...215-1,4000...7fff,,1QCbW9HWnwQWiQqVo5exhAnmfqKRrCRsvW,,,
16,215...216-1,8000...ffff,,1BDyrQ6WoF8VN3g9SAS1iKZcPzFfnDVieY,,,
16,215...216-1,8000...ffff,,1BDyrQ6WoF8VN3g9SAS1iKZcPzFfnDVieY,,,
16,215...216-1,8000...ffff,,1BDyrQ6WoF8VN3g9SAS1iKZcPzFfnDVieY,,,
16,215...216-1,8000...ffff,,1BDyrQ6WoF8VN3g9SAS1iKZcPzFfnDVieY,,,
17,216...217-1,10000...1ffff,,1HduPEXZRdG26SUT5Yk83mLkPyjnZuJ7Bm,,,
17,216...217-1,10000...1ffff,,1HduPEXZRdG26SUT5Yk83mLkPyjnZuJ7Bm,,,
17,216...217-1,10000...1ffff,,1HduPEXZRdG26SUT5Yk83mLkPyjnZuJ7Bm,,,
17,216...217-1,10000...1ffff,,1HduPEXZRdG26SUT5Yk83mLkPyjnZuJ7Bm,,,
18,217...218-1,20000...3ffff,,1GnNTmTVLZiqQfLbAdp9DVdicEnB5GoERE,,,
18,217...218-1,20000...3ffff,,1GnNTmTVLZiqQfLbAdp9DVdicEnB5GoERE,,,
18,217...218-1,20000...3ffff,,1GnNTmTVLZiqQfLbAdp9DVdicEnB5GoERE,,,
18,217...218-1,20000...3ffff,,1GnNTmTVLZiqQfLbAdp9DVdicEnB5GoERE,,,
19,218...219-1,40000...7ffff,,1NWmZRpHH4XSPwsW6dsS3nrNWfL1yrJj4w,,,
19,218...219-1,40000...7ffff,,1NWmZRpHH4XSPwsW6dsS3nrNWfL1yrJj4w,,,
19,218...219-1,40000...7ffff,,1NWmZRpHH4XSPwsW6dsS3nrNWfL1yrJj4w,,,
19,218...219-1,40000...7ffff,,1NWmZRpHH4XSPwsW6dsS3nrNWfL1yrJj4w,,,
2,21...22-1,2...3,,1CUNEBjYrCn2y1SdiUMohaKUi4wpP326Lb,,,
2,21...22-1,2...3,,1CUNEBjYrCn2y1SdiUMohaKUi4wpP326Lb,,,
2,21...22-1,2...3,,1CUNEBjYrCn2y1SdiUMohaKUi4wpP326Lb,,,
2,21...22-1,2...3,,1CUNEBjYrCn2y1SdiUMohaKUi4wpP326Lb,,,
20,219...220-1,80000...fffff,,1HsMJxNiV7TLxmoF6uJNkydxPFDog4NQum,,,
20,219...220-1,80000...fffff,,1HsMJxNiV7TLxmoF6uJNkydxPFDog4NQum,,,
20,219...220-1,80000...fffff,,1HsMJxNiV7TLxmoF6uJNkydxPFDog4NQum,,,
20,219...220-1,80000...fffff,,1HsMJxNiV7TLxmoF6uJNkydxPFDog4NQum,,,
21,220...221-1,100000...1fffff,,14oFNXucftsHiUMY8uctg6N487riuyXs4h,,,
21,220...221-1,100000...1fffff,,14oFNXucftsHiUMY8uctg6N487riuyXs4h,,,
21,220...221-1,100000...1fffff,,14oFNXucftsHiUMY8uctg6N487riuyXs4h,,,
21,220...221-1,100000...1fffff,,14oFNXucftsHiUMY8uctg6N487riuyXs4h,,,
22,221...222-1,200000...3fffff,,1CfZWK1QTQE3eS9qn61dQjV89KDjZzfNcv,,,
22,221...222-1,200000...3fffff,,1CfZWK1QTQE3eS9qn61dQjV89KDjZzfNcv,,,
22,221...222-1,200000...3fffff,,1CfZWK1QTQE3eS9qn61dQjV89KDjZzfNcv,,,
22,221...222-1,200000...3fffff,,1CfZWK1QTQE3eS9qn61dQjV89KDjZzfNcv,,,
23,222...223-1,400000...7fffff,,1L2GM8eE7mJWLdo3HZS6su1832NX2txaac,,,
23,222...223-1,400000...7fffff,,1L2GM8eE7mJWLdo3HZS6su1832NX2txaac,,,
23,222...223-1,400000...7fffff,,1L2GM8eE7mJWLdo3HZS6su1832NX2txaac,,,
23,222...223-1,400000...7fffff,,1L2GM8eE7mJWLdo3HZS6su1832NX2txaac,,,
24,223...224-1,800000...ffffff,,1rSnXMr63jdCuegJFuidJqWxUPV7AtUf7,,,
24,223...224-1,800000...ffffff,,1rSnXMr63jdCuegJFuidJqWxUPV7AtUf7,,,
24,223...224-1,800000...ffffff,,1rSnXMr63jdCuegJFuidJqWxUPV7AtUf7,,,
24,223...224-1,800000...ffffff,,1rSnXMr63jdCuegJFuidJqWxUPV7AtUf7,,,
25,224...225-1,1000000...1ffffff,,15JhYXn6Mx3oF4Y7PcTAv2wVVAuCFFQNiP,,,
25,224...225-1,1000000...1ffffff,,15JhYXn6Mx3oF4Y7PcTAv2wVVAuCFFQNiP,,,
25,224...225-1,1000000...1ffffff,,15JhYXn6Mx3oF4Y7PcTAv2wVVAuCFFQNiP,,,
25,224...225-1,1000000...1ffffff,,15JhYXn6Mx3oF4Y7PcTAv2wVVAuCFFQNiP,,,
26,225...226-1,2000000...3ffffff,,1JVnST957hGztonaWK6FougdtjxzHzRMMg,,,
26,225...226-1,2000000...3ffffff,,1JVnST957hGztonaWK6FougdtjxzHzRMMg,,,
26,225...226-1,2000000...3ffffff,,1JVnST957hGztonaWK6FougdtjxzHzRMMg,,,
26,225...226-1,2000000...3ffffff,,1JVnST957hGztonaWK6FougdtjxzHzRMMg,,,
27,226...227-1,4000000...7ffffff,,128z5d7nN7PkCuX5qoA4Ys6pmxUYnEy86k,,,
27,226...227-1,4000000...7ffffff,,128z5d7nN7PkCuX5qoA4Ys6pmxUYnEy86k,,,
27,226...227-1,4000000...7ffffff,,128z5d7nN7PkCuX5qoA4Ys6pmxUYnEy86k,,,
27,226...227-1,4000000...7ffffff,,128z5d7nN7PkCuX5qoA4Ys6pmxUYnEy86k,,,
28,227...228-1,8000000...fffffff,,12jbtzBb54r97TCwW3G1gCFoumpckRAPdY,,,
28,227...228-1,8000000...fffffff,,12jbtzBb54r97TCwW3G1gCFoumpckRAPdY,,,
28,227...228-1,8000000...fffffff,,12jbtzBb54r97TCwW3G1gCFoumpckRAPdY,,,
28,227...228-1,8000000...fffffff,,12jbtzBb54r97TCwW3G1gCFoumpckRAPdY,,,
29,228...229-1,10000000...1fffffff,,19EEC52krRUK1RkUAEZmQdjTyHT7Gp1TYT,,,
29,228...229-1,10000000...1fffffff,,19EEC52krRUK1RkUAEZmQdjTyHT7Gp1TYT,,,
29,228...229-1,10000000...1fffffff,,19EEC52krRUK1RkUAEZmQdjTyHT7Gp1TYT,,,
29,228...229-1,10000000...1fffffff,,19EEC52krRUK1RkUAEZmQdjTyHT7Gp1TYT,,,
3,22...23-1,4...7,,19ZewH8Kk1PDbSNdJ97FP4EiCjTRaZMZQA,,,
3,22...23-1,4...7,,19ZewH8Kk1PDbSNdJ97FP4EiCjTRaZMZQA,,,
3,22...23-1,4...7,,19ZewH8Kk1PDbSNdJ97FP4EiCjTRaZMZQA,,,
3,22...23-1,4...7,,19ZewH8Kk1PDbSNdJ97FP4EiCjTRaZMZQA,,,
30,229...230-1,20000000...3fffffff,,1LHtnpd8nU5VHEMkG2TMYYNUjjLc992bps,,,
30,229...230-1,20000000...3fffffff,,1LHtnpd8nU5VHEMkG2TMYYNUjjLc992bps,,,
30,229...230-1,20000000...3fffffff,,1LHtnpd8nU5VHEMkG2TMYYNUjjLc992bps,,,
30,229...230-1,20000000...3fffffff,,1LHtnpd8nU5VHEMkG2TMYYNUjjLc992bps,,,
31,230...231-1,40000000...7fffffff,,1LhE6sCTuGae42Axu1L1ZB7L96yi9irEBE,,,
31,230...231-1,40000000...7fffffff,,1LhE6sCTuGae42Axu1L1ZB7L96yi9irEBE,,,
31,230...231-1,40000000...7fffffff,,1LhE6sCTuGae42Axu1L1ZB7L96yi9irEBE,,,
31,230...231-1,40000000...7fffffff,,1LhE6sCTuGae42Axu1L1ZB7L96yi9irEBE,,,
32,231...232-1,80000000...ffffffff,,1FRoHA9xewq7DjrZ1psWJVeTer8gHRqEvR,,,
32,231...232-1,80000000...ffffffff,,1FRoHA9xewq7DjrZ1psWJVeTer8gHRqEvR,,,
32,231...232-1,80000000...ffffffff,,1FRoHA9xewq7DjrZ1psWJVeTer8gHRqEvR,,,
32,231...232-1,80000000...ffffffff,,1FRoHA9xewq7DjrZ1psWJVeTer8gHRqEvR,,,
33,232...233-1,100000000...1ffffffff,,187swFMjz1G54ycVU56B7jZFHFTNVQFDiu,,,
33,232...233-1,100000000...1ffffffff,,187swFMjz1G54ycVU56B7jZFHFTNVQFDiu,,,
33,232...233-1,100000000...1ffffffff,,187swFMjz1G54ycVU56B7jZFHFTNVQFDiu,,,
33,232...233-1,100000000...1ffffffff,,187swFMjz1G54ycVU56B7jZFHFTNVQFDiu,,,
34,233...234-1,200000000...3ffffffff,,1PWABE7oUahG2AFFQhhvViQovnCr4rEv7Q,,,
34,233...234-1,200000000...3ffffffff,,1PWABE7oUahG2AFFQhhvViQovnCr4rEv7Q,,,
34,233...234-1,200000000...3ffffffff,,1PWABE7oUahG2AFFQhhvViQovnCr4rEv7Q,,,
34,233...234-1,200000000...3ffffffff,,1PWABE7oUahG2AFFQhhvViQovnCr4rEv7Q,,,
35,234...235-1,400000000...7ffffffff,,1PWCx5fovoEaoBowAvF5k91m2Xat9bMgwb,,,
35,234...235-1,400000000...7ffffffff,,1PWCx5fovoEaoBowAvF5k91m2Xat9bMgwb,,,
35,234...235-1,400000000...7ffffffff,,1PWCx5fovoEaoBowAvF5k91m2Xat9bMgwb,,,
35,234...235-1,400000000...7ffffffff,,1PWCx5fovoEaoBowAvF5k91m2Xat9bMgwb,,,
36,235...236-1,800000000...fffffffff,,1Be2UF9NLfyLFbtm3TCbmuocc9N1Kduci1,,,
36,235...236-1,800000000...fffffffff,,1Be2UF9NLfyLFbtm3TCbmuocc9N1Kduci1,,,
36,235...236-1,800000000...fffffffff,,1Be2UF9NLfyLFbtm3TCbmuocc9N1Kduci1,,,
36,235...236-1,800000000...fffffffff,,1Be2UF9NLfyLFbtm3TCbmuocc9N1Kduci1,,,
37,236...237-1,1000000000...1fffffffff,,14iXhn8bGajVWegZHJ18vJLHhntcpL4dex,,,
37,236...237-1,1000000000...1fffffffff,,14iXhn8bGajVWegZHJ18vJLHhntcpL4dex,,,
37,236...237-1,1000000000...1fffffffff,,14iXhn8bGajVWegZHJ18vJLHhntcpL4dex,,,
37,236...237-1,1000000000...1fffffffff,,14iXhn8bGajVWegZHJ18vJLHhntcpL4dex,,,
38,237...238-1,2000000000...3fffffffff,,1HBtApAFA9B2YZw3G2YKSMCtb3dVnjuNe2,,,
38,237...238-1,2000000000...3fffffffff,,1HBtApAFA9B2YZw3G2YKSMCtb3dVnjuNe2,,,
38,237...238-1,2000000000...3fffffffff,,1HBtApAFA9B2YZw3G2YKSMCtb3dVnjuNe2,,,
38,237...238-1,2000000000...3fffffffff,,1HBtApAFA9B2YZw3G2YKSMCtb3dVnjuNe2,,,
39,238...239-1,4000000000...7fffffffff,,122AJhKLEfkFBaGAd84pLp1kfE7xK3GdT8,,,
39,238...239-1,4000000000...7fffffffff,,122AJhKLEfkFBaGAd84pLp1kfE7xK3GdT8,,,
39,238...239-1,4000000000...7fffffffff,,122AJhKLEfkFBaGAd84pLp1kfE7xK3GdT8,,,
39,238...239-1,4000000000...7fffffffff,,122AJhKLEfkFBaGAd84pLp1kfE7xK3GdT8,,,
4,23...24-1,8...f,,1EhqbyUMvvs7BfL8goY6qcPbD6YKfPqb7e,,,
4,23...24-1,8...f,,1EhqbyUMvvs7BfL8goY6qcPbD6YKfPqb7e,,,
4,23...24-1,8...f,,1EhqbyUMvvs7BfL8goY6qcPbD6YKfPqb7e,,,
4,23...24-1,8...f,,1EhqbyUMvvs7BfL8goY6qcPbD6YKfPqb7e,,,
40,239...240-1,8000000000...ffffffffff,,1EeAxcprB2PpCnr34VfZdFrkUWuxyiNEFv,,,
40,239...240-1,8000000000...ffffffffff,,1EeAxcprB2PpCnr34VfZdFrkUWuxyiNEFv,,,
40,239...240-1,8000000000...ffffffffff,,1EeAxcprB2PpCnr34VfZdFrkUWuxyiNEFv,,,
40,239...240-1,8000000000...ffffffffff,,1EeAxcprB2PpCnr34VfZdFrkUWuxyiNEFv,,,
41,240...241-1,10000000000...1ffffffffff,,1L5sU9qvJeuwQUdt4y1eiLmquFxKjtHr3E,,,
41,240...241-1,10000000000...1ffffffffff,,1L5sU9qvJeuwQUdt4y1eiLmquFxKjtHr3E,,,
41,240...241-1,10000000000...1ffffffffff,,1L5sU9qvJeuwQUdt4y1eiLmquFxKjtHr3E,,,
41,240...241-1,10000000000...1ffffffffff,,1L5sU9qvJeuwQUdt4y1eiLmquFxKjtHr3E,,,
42,241...242-1,20000000000...3ffffffffff,,1E32GPWgDyeyQac4aJxm9HVoLrrEYPnM4N,,,
42,241...242-1,20000000000...3ffffffffff,,1E32GPWgDyeyQac4aJxm9HVoLrrEYPnM4N,,,
42,241...242-1,20000000000...3ffffffffff,,1E32GPWgDyeyQac4aJxm9HVoLrrEYPnM4N,,,
42,241...242-1,20000000000...3ffffffffff,,1E32GPWgDyeyQac4aJxm9HVoLrrEYPnM4N,,,
43,242...243-1,40000000000...7ffffffffff,,1PiFuqGpG8yGM5v6rNHWS3TjsG6awgEGA1,,,
43,242...243-1,40000000000...7ffffffffff,,1PiFuqGpG8yGM5v6rNHWS3TjsG6awgEGA1,,,
43,242...243-1,40000000000...7ffffffffff,,1PiFuqGpG8yGM5v6rNHWS3TjsG6awgEGA1,,,
43,242...243-1,40000000000...7ffffffffff,,1PiFuqGpG8yGM5v6rNHWS3TjsG6awgEGA1,,,
44,243...244-1,80000000000...fffffffffff,,1CkR2uS7LmFwc3T2jV8C1BhWb5mQaoxedF,,,
44,243...244-1,80000000000...fffffffffff,,1CkR2uS7LmFwc3T2jV8C1BhWb5mQaoxedF,,,
44,243...244-1,80000000000...fffffffffff,,1CkR2uS7LmFwc3T2jV8C1BhWb5mQaoxedF,,,
44,243...244-1,80000000000...fffffffffff,,1CkR2uS7LmFwc3T2jV8C1BhWb5mQaoxedF,,,
45,244...245-1,100000000000...1fffffffffff,,1NtiLNGegHWE3Mp9g2JPkgx6wUg4TW7bbk,,,
45,244...245-1,100000000000...1fffffffffff,,1NtiLNGegHWE3Mp9g2JPkgx6wUg4TW7bbk,,,
45,244...245-1,100000000000...1fffffffffff,,1NtiLNGegHWE3Mp9g2JPkgx6wUg4TW7bbk,,,
45,244...245-1,100000000000...1fffffffffff,,1NtiLNGegHWE3Mp9g2JPkgx6wUg4TW7bbk,,,
46,245...246-1,200000000000...3fffffffffff,,1F3JRMWudBaj48EhwcHDdpeuy2jwACNxjP,,,
46,245...246-1,200000000000...3fffffffffff,,1F3JRMWudBaj48EhwcHDdpeuy2jwACNxjP,,,
46,245...246-1,200000000000...3fffffffffff,,1F3JRMWudBaj48EhwcHDdpeuy2jwACNxjP,,,
46,245...246-1,200000000000...3fffffffffff,,1F3JRMWudBaj48EhwcHDdpeuy2jwACNxjP,,,
47,246...247-1,400000000000...7fffffffffff,,1Pd8VvT49sHKsmqrQiP61RsVwmXCZ6ay7Z,,,
47,246...247-1,400000000000...7fffffffffff,,1Pd8VvT49sHKsmqrQiP61RsVwmXCZ6ay7Z,,,
47,246...247-1,400000000000...7fffffffffff,,1Pd8VvT49sHKsmqrQiP61RsVwmXCZ6ay7Z,,,
47,246...247-1,400000000000...7fffffffffff,,1Pd8VvT49sHKsmqrQiP61RsVwmXCZ6ay7Z,,,
48,247...248-1,800000000000...ffffffffffff,,1DFYhaB2J9q1LLZJWKTnscPWos9VBqDHzv,,,
48,247...248-1,800000000000...ffffffffffff,,1DFYhaB2J9q1LLZJWKTnscPWos9VBqDHzv,,,
48,247...248-1,800000000000...ffffffffffff,,1DFYhaB2J9q1LLZJWKTnscPWos9VBqDHzv,,,
48,247...248-1,800000000000...ffffffffffff,,1DFYhaB2J9q1LLZJWKTnscPWos9VBqDHzv,,,
49,248...249-1,1000000000000...1ffffffffffff,,12CiUhYVTTH33w3SPUBqcpMoqnApAV4WCF,,,
49,248...249-1,1000000000000...1ffffffffffff,,12CiUhYVTTH33w3SPUBqcpMoqnApAV4WCF,,,
49,248...249-1,1000000000000...1ffffffffffff,,12CiUhYVTTH33w3SPUBqcpMoqnApAV4WCF,,,
49,248...249-1,1000000000000...1ffffffffffff,,12CiUhYVTTH33w3SPUBqcpMoqnApAV4WCF,,,
5,24...25-1,10...1f,,1E6NuFjCi27W5zoXg8TRdcSRq84zJeBW3k,,,
5,24...25-1,10...1f,,1E6NuFjCi27W5zoXg8TRdcSRq84zJeBW3k,,,
5,24...25-1,10...1f,,1E6NuFjCi27W5zoXg8TRdcSRq84zJeBW3k,,,
5,24...25-1,10...1f,,1E6NuFjCi27W5zoXg8TRdcSRq84zJeBW3k,,,
50,249...250-1,2000000000000...3ffffffffffff,,1MEzite4ReNuWaL5Ds17ePKt2dCxWEofwk,,,
50,249...250-1,2000000000000...3ffffffffffff,,1MEzite4ReNuWaL5Ds17ePKt2dCxWEofwk,,,
50,249...250-1,2000000000000...3ffffffffffff,,1MEzite4ReNuWaL5Ds17ePKt2dCxWEofwk,,,
50,249...250-1,2000000000000...3ffffffffffff,,1MEzite4ReNuWaL5Ds17ePKt2dCxWEofwk,,,
51,250...251-1,4000000000000...7ffffffffffff,,1NpnQyZ7x24ud82b7WiRNvPm6N8bqGQnaS,,,
51,250...251-1,4000000000000...7ffffffffffff,,1NpnQyZ7x24ud82b7WiRNvPm6N8bqGQnaS,,,
51,250...251-1,4000000000000...7ffffffffffff,,1NpnQyZ7x24ud82b7WiRNvPm6N8bqGQnaS,,,
51,250...251-1,4000000000000...7ffffffffffff,,1NpnQyZ7x24ud82b7WiRNvPm6N8bqGQnaS,,,
52,251...252-1,8000000000000...fffffffffffff,,15z9c9sVpu6fwNiK7dMAFgMYSK4GqsGZim,,,
52,251...252-1,8000000000000...fffffffffffff,,15z9c9sVpu6fwNiK7dMAFgMYSK4GqsGZim,,,
52,251...252-1,8000000000000...fffffffffffff,,15z9c9sVpu6fwNiK7dMAFgMYSK4GqsGZim,,,
52,251...252-1,8000000000000...fffffffffffff,,15z9c9sVpu6fwNiK7dMAFgMYSK4GqsGZim,,,
53,252...253-1,10000000000000...1fffffffffffff,,15K1YKJMiJ4fpesTVUcByoz334rHmknxmT,,,
53,252...253-1,10000000000000...1fffffffffffff,,15K1YKJMiJ4fpesTVUcByoz334rHmknxmT,,,
53,252...253-1,10000000000000...1fffffffffffff,,15K1YKJMiJ4fpesTVUcByoz334rHmknxmT,,,
53,252...253-1,10000000000000...1fffffffffffff,,15K1YKJMiJ4fpesTVUcByoz334rHmknxmT,,,
54,253...254-1,20000000000000...3fffffffffffff,,1KYUv7nSvXx4642TKeuC2SNdTk326uUpFy,,,
54,253...254-1,20000000000000...3fffffffffffff,,1KYUv7nSvXx4642TKeuC2SNdTk326uUpFy,,,
54,253...254-1,20000000000000...3fffffffffffff,,1KYUv7nSvXx4642TKeuC2SNdTk326uUpFy,,,
54,253...254-1,20000000000000...3fffffffffffff,,1KYUv7nSvXx4642TKeuC2SNdTk326uUpFy,,,
55,254...255-1,40000000000000...7fffffffffffff,,1LzhS3k3e9Ub8i2W1V8xQFdB8n2MYCHPCa,,,
55,254...255-1,40000000000000...7fffffffffffff,,1LzhS3k3e9Ub8i2W1V8xQFdB8n2MYCHPCa,,,
55,254...255-1,40000000000000...7fffffffffffff,,1LzhS3k3e9Ub8i2W1V8xQFdB8n2MYCHPCa,,,
55,254...255-1,40000000000000...7fffffffffffff,,1LzhS3k3e9Ub8i2W1V8xQFdB8n2MYCHPCa,,,
56,255...256-1,80000000000000...ffffffffffffff,,17aPYR1m6pVAacXg1PTDDU7XafvK1dxvhi,,,
56,255...256-1,80000000000000...ffffffffffffff,,17aPYR1m6pVAacXg1PTDDU7XafvK1dxvhi,,,
56,255...256-1,80000000000000...ffffffffffffff,,17aPYR1m6pVAacXg1PTDDU7XafvK1dxvhi,,,
56,255...256-1,80000000000000...ffffffffffffff,,17aPYR1m6pVAacXg1PTDDU7XafvK1dxvhi,,,
57,256...257-1,100000000000000...1ffffffffffffff,,15c9mPGLku1HuW9LRtBf4jcHVpBUt8txKz,,,
57,256...257-1,100000000000000...1ffffffffffffff,,15c9mPGLku1HuW9LRtBf4jcHVpBUt8txKz,,,
57,256...257-1,100000000000000...1ffffffffffffff,,15c9mPGLku1HuW9LRtBf4jcHVpBUt8txKz,,,
57,256...257-1,100000000000000...1ffffffffffffff,,15c9mPGLku1HuW9LRtBf4jcHVpBUt8txKz,,,
58,257...258-1,200000000000000...3ffffffffffffff,,1Dn8NF8qDyyfHMktmuoQLGyjWmZXgvosXf,,,
58,257...258-1,200000000000000...3ffffffffffffff,,1Dn8NF8qDyyfHMktmuoQLGyjWmZXgvosXf,,,
58,257...258-1,200000000000000...3ffffffffffffff,,1Dn8NF8qDyyfHMktmuoQLGyjWmZXgvosXf,,,
58,257...258-1,200000000000000...3ffffffffffffff,,1Dn8NF8qDyyfHMktmuoQLGyjWmZXgvosXf,,,
59,258...259-1,400000000000000...7ffffffffffffff,,1HAX2n9Uruu9YDt4cqRgYcvtGvZj1rbUyt,,,
59,258...259-1,400000000000000...7ffffffffffffff,,1HAX2n9Uruu9YDt4cqRgYcvtGvZj1rbUyt,,,
59,258...259-1,400000000000000...7ffffffffffffff,,1HAX2n9Uruu9YDt4cqRgYcvtGvZj1rbUyt,,,
59,258...259-1,400000000000000...7ffffffffffffff,,1HAX2n9Uruu9YDt4cqRgYcvtGvZj1rbUyt,,,
6,25...26-1,20...3f,,1PitScNLyp2HCygzadCh7FveTnfmpPbfp8,,,
6,25...26-1,20...3f,,1PitScNLyp2HCygzadCh7FveTnfmpPbfp8,,,
6,25...26-1,20...3f,,1PitScNLyp2HCygzadCh7FveTnfmpPbfp8,,,
6,25...26-1,20...3f,,1PitScNLyp2HCygzadCh7FveTnfmpPbfp8,,,
60,259...260-1,800000000000000...fffffffffffffff,,1Kn5h2qpgw9mWE5jKpk8PP4qvvJ1QVy8su,,,
60,259...260-1,800000000000000...fffffffffffffff,,1Kn5h2qpgw9mWE5jKpk8PP4qvvJ1QVy8su,,,
60,259...260-1,800000000000000...fffffffffffffff,,1Kn5h2qpgw9mWE5jKpk8PP4qvvJ1QVy8su,,,
60,259...260-1,800000000000000...fffffffffffffff,,1Kn5h2qpgw9mWE5jKpk8PP4qvvJ1QVy8su,,,
61,260...261-1,1000000000000000...1fffffffffffffff,,1AVJKwzs9AskraJLGHAZPiaZcrpDr1U6AB,,,
61,260...261-1,1000000000000000...1fffffffffffffff,,1AVJKwzs9AskraJLGHAZPiaZcrpDr1U6AB,,,
61,260...261-1,1000000000000000...1fffffffffffffff,,1AVJKwzs9AskraJLGHAZPiaZcrpDr1U6AB,,,
61,260...261-1,1000000000000000...1fffffffffffffff,,1AVJKwzs9AskraJLGHAZPiaZcrpDr1U6AB,,,
62,261...262-1,2000000000000000...3fffffffffffffff,,1Me6EfpwZK5kQziBwBfvLiHjaPGxCKLoJi,,,
62,261...262-1,2000000000000000...3fffffffffffffff,,1Me6EfpwZK5kQziBwBfvLiHjaPGxCKLoJi,,,
62,261...262-1,2000000000000000...3fffffffffffffff,,1Me6EfpwZK5kQziBwBfvLiHjaPGxCKLoJi,,,
62,261...262-1,2000000000000000...3fffffffffffffff,,1Me6EfpwZK5kQziBwBfvLiHjaPGxCKLoJi,,,
63,262...263-1,4000000000000000...7fffffffffffffff,,1NpYjtLira16LfGbGwZJ5JbDPh3ai9bjf4,,,
63,262...263-1,4000000000000000...7fffffffffffffff,,1NpYjtLira16LfGbGwZJ5JbDPh3ai9bjf4,,,
63,262...263-1,4000000000000000...7fffffffffffffff,,1NpYjtLira16LfGbGwZJ5JbDPh3ai9bjf4,,,
63,262...263-1,4000000000000000...7fffffffffffffff,,1NpYjtLira16LfGbGwZJ5JbDPh3ai9bjf4,,,
64,263...264-1,8000000000000000...ffffffffffffffff,,16jY7qLJnxb7CHZyqBP8qca9d51gAjyXQN,,,
64,263...264-1,8000000000000000...ffffffffffffffff,,16jY7qLJnxb7CHZyqBP8qca9d51gAjyXQN,,,
64,263...264-1,8000000000000000...ffffffffffffffff,,16jY7qLJnxb7CHZyqBP8qca9d51gAjyXQN,,,
64,263...264-1,8000000000000000...ffffffffffffffff,,16jY7qLJnxb7CHZyqBP8qca9d51gAjyXQN,,,
65,264...265-1,10000000000000000...1ffffffffffffffff,,18ZMbwUFLMHoZBbfpCjUJQTCMCbktshgpe,,,
65,264...265-1,10000000000000000...1ffffffffffffffff,,18ZMbwUFLMHoZBbfpCjUJQTCMCbktshgpe,,,
65,264...265-1,10000000000000000...1ffffffffffffffff,,18ZMbwUFLMHoZBbfpCjUJQTCMCbktshgpe,,,
65,264...265-1,10000000000000000...1ffffffffffffffff,,18ZMbwUFLMHoZBbfpCjUJQTCMCbktshgpe,,,
66,265...266-1,20000000000000000...3ffffffffffffffff,,,,,
7,26...27-1,40...7f,,1McVt1vMtCC7yn5b9wgX1833yCcLXzueeC,,,
7,26...27-1,40...7f,,1McVt1vMtCC7yn5b9wgX1833yCcLXzueeC,,,
7,26...27-1,40...7f,,1McVt1vMtCC7yn5b9wgX1833yCcLXzueeC,,,
7,26...27-1,40...7f,,1McVt1vMtCC7yn5b9wgX1833yCcLXzueeC,,,
8,27...28-1,80...ff,,1M92tSqNmQLYw33fuBvjmeadirh1ysMBxK,,,
8,27...28-1,80...ff,,1M92tSqNmQLYw33fuBvjmeadirh1ysMBxK,,,
8,27...28-1,80...ff,,1M92tSqNmQLYw33fuBvjmeadirh1ysMBxK,,,
8,27...28-1,80...ff,,1M92tSqNmQLYw33fuBvjmeadirh1ysMBxK,,,
9,28...29-1,100...1ff,,1CQFwcjw1dwhtkVWBttNLDtqL7ivBonGPV,,,
9,28...29-1,100...1ff,,1CQFwcjw1dwhtkVWBttNLDtqL7ivBonGPV,,,
9,28...29-1,100...1ff,,1CQFwcjw1dwhtkVWBttNLDtqL7ivBonGPV,,,
9,28...29-1,100...1ff,,1CQFwcjw1dwhtkVWBttNLDtqL7ivBonGPV,,,
